x,y,label,time,motherx,mothery
0,0,1,525,0,1
0,1,1,462,0,2
0,2,1,403,0,3
0,3,1,348,0,4
0,4,1,297,0,5
0,5,1,250,0,6
0,6,1,207,0,7
0,7,1,168,0,8
0,8,1,133,0,9
0,9,1,102,0,10
0,10,1,75,0,11
0,11,1,52,0,12
0,12,1,33,0,13
0,13,1,18,0,14
0,14,1,7,0,15
0,15,1,1,0,16
0,16,1,0,0,16
0,17,1,2,0,16
0,18,1,10,0,17
0,19,1,22,0,18
0,20,1,38,0,19
0,21,1,58,0,20
0,22,1,82,0,21
0,23,1,110,0,22
0,24,1,142,0,23
0,25,1,178,0,24
0,26,1,218,0,25
0,27,1,262,0,26
0,28,1,310,0,27
0,29,1,362,0,28
0,30,1,418,0,29
0,31,1,478,0,30
0,32,1,542,0,31
0,33,1,610,0,32
0,34,1,682,0,33
0,35,1,758,0,34
0,36,1,838,0,35
0,37,1,922,0,36
0,38,1,1010,0,37
0,39,1,1102,0,38
0,40,1,1198,0,39
0,41,1,1272,0,42
0,42,1,1173,0,43
0,43,1,1078,0,44
0,44,1,987,0,45
0,45,1,900,0,46
0,46,1,817,0,47
0,47,1,738,0,48
0,48,1,663,0,49
0,49,1,592,0,0
1,0,1,556,1,1
1,1,1,491,1,2
1,2,1,430,1,3
1,3,1,373,1,4
1,4,1,320,1,5
1,5,1,271,1,6
1,6,1,226,1,7
1,7,1,185,1,8
1,8,1,148,1,9
1,9,1,115,1,10
1,10,1,86,1,11
1,11,1,61,1,12
1,12,1,40,1,13
1,13,1,24,1,14
1,14,1,12,1,15
1,15,1,4,1,16
1,16,1,0,0,16
1,17,1,6,1,16
1,18,1,16,1,17
1,19,1,30,1,18
1,20,1,48,1,19
1,21,1,70,1,20
1,22,1,96,1,21
1,23,1,126,1,22
1,24,1,160,1,23
1,25,1,198,1,24
1,26,1,240,1,25
1,27,1,286,1,26
1,28,1,336,1,27
1,29,1,390,1,28
1,30,1,448,1,29
1,31,1,510,1,30
1,32,1,576,1,31
1,33,1,646,1,32
1,34,1,720,1,33
1,35,1,798,1,34
1,36,1,880,1,35
1,37,1,966,1,36
1,38,1,1056,1,37
1,39,1,1150,1,38
1,40,1,1248,1,39
1,41,1,1319,1,42
1,42,1,1220,1,43
1,43,1,1123,1,44
1,44,1,1030,1,45
1,45,1,941,1,46
1,46,1,856,1,47
1,47,1,775,1,48
1,48,1,698,1,49
1,49,1,625,1,0
2,0,1,624,2,1
2,1,1,555,2,2
2,2,1,490,2,3
2,3,1,429,2,4
2,4,1,372,2,5
2,5,1,319,2,6
2,6,1,270,2,7
2,7,1,225,2,8
2,8,1,184,2,9
2,9,1,147,2,10
2,10,1,114,2,11
2,11,1,85,2,12
2,12,1,60,1,12
2,13,1,41,1,13
2,14,1,25,1,14
2,15,1,13,1,15
2,16,1,5,1,16
2,17,1,15,2,16
2,18,1,29,2,17
2,19,1,47,2,18
2,20,1,69,2,19
2,21,1,95,2,20
2,22,1,125,2,21
2,23,1,159,2,22
2,24,1,197,2,23
2,25,1,239,2,24
2,26,1,285,2,25
2,27,1,335,2,26
2,28,1,389,2,27
2,29,1,447,2,28
2,30,1,509,2,29
2,31,1,575,2,30
2,32,1,645,2,31
2,33,1,719,2,32
2,34,1,797,2,33
2,35,1,879,2,34
2,36,1,965,2,35
2,37,1,1055,2,36
2,38,1,1149,2,37
2,39,1,1247,2,38
2,40,1,1346,2,39
2,41,1,1415,2,42
2,42,1,1318,2,43
2,43,1,1219,2,44
2,44,1,1122,2,45
2,45,1,1029,2,46
2,46,1,940,2,47
2,47,1,855,2,48
2,48,1,774,2,49
2,49,1,697,2,0
3,0,1,696,3,1
3,1,1,623,3,2
3,2,1,554,3,3
3,3,1,489,3,4
3,4,1,428,3,5
3,5,1,371,3,6
3,6,1,318,3,7
3,7,1,269,3,8
3,8,1,224,3,9
3,9,1,183,3,10
3,10,1,146,3,11
3,11,1,113,3,12
3,12,1,84,2,12
3,13,1,62,2,13
3,14,1,42,2,14
3,15,1,26,2,15
3,16,1,14,2,16
3,17,1,28,3,16
3,18,1,46,3,17
3,19,1,68,3,18
3,20,1,94,3,19
3,21,1,124,3,20
3,22,1,158,3,21
3,23,1,196,3,22
3,24,1,238,3,23
3,25,1,284,3,24
3,26,1,334,3,25
3,27,1,388,3,26
3,28,1,446,3,27
3,29,1,508,3,28
3,30,1,574,3,29
3,31,1,644,3,30
3,32,1,718,3,31
3,33,1,796,3,32
3,34,1,878,3,33
3,35,1,964,3,34
3,36,1,1054,3,35
3,37,1,1148,3,36
3,38,1,1246,3,37
3,39,1,1345,3,38
3,40,1,1440,3,39
3,41,1,1507,3,42
3,42,1,1414,3,43
3,43,1,1317,3,44
3,44,1,1218,3,45
3,45,1,1121,3,46
3,46,1,1028,3,47
3,47,1,939,3,48
3,48,1,854,3,49
3,49,1,773,3,0
4,0,1,772,4,1
4,1,1,695,4,2
4,2,1,622,4,3
4,3,1,553,4,4
4,4,1,488,4,5
4,5,1,427,4,6
4,6,1,370,4,7
4,7,1,317,4,8
4,8,1,268,4,9
4,9,1,223,4,10
4,10,1,182,4,11
4,11,1,145,4,12
4,12,1,112,3,12
4,13,1,87,3,13
4,14,1,63,3,14
4,15,1,43,3,15
4,16,1,27,3,16
4,17,1,44,4,16
4,18,1,65,4,17
4,19,1,91,4,18
4,20,1,121,4,19
4,21,1,155,4,20
4,22,1,193,4,21
4,23,1,235,4,22
4,24,1,281,4,23
4,25,1,331,4,24
4,26,1,385,4,25
4,27,1,443,4,26
4,28,1,505,4,27
4,29,1,571,4,28
4,30,1,641,4,29
4,31,1,715,4,30
4,32,1,793,4,31
4,33,1,875,4,32
4,34,1,961,4,33
4,35,1,1051,4,34
4,36,1,1145,4,35
4,37,1,1243,4,36
4,38,1,1343,4,37
4,39,1,1439,4,38
4,40,1,1530,4,39
4,41,1,1595,4,42
4,42,1,1506,4,43
4,43,1,1413,4,44
4,44,1,1316,4,45
4,45,1,1217,4,46
4,46,1,1120,4,47
4,47,1,1027,4,48
4,48,1,938,4,49
4,49,1,853,4,0
5,0,1,852,5,1
5,1,1,771,5,2
5,2,1,694,5,3
5,3,1,621,5,4
5,4,1,552,5,5
5,5,1,487,5,6
5,6,1,426,5,7
5,7,1,369,5,8
5,8,1,316,5,9
5,9,1,267,5,10
5,10,1,222,5,11
5,11,1,181,5,12
5,12,1,144,4,12
5,13,1,116,4,13
5,14,1,88,4,14
5,15,1,64,4,15
5,16,1,45,4,16
5,17,1,66,4,17
5,18,1,90,4,18
5,19,1,119,5,18
5,20,1,152,5,19
5,21,1,189,5,20
5,22,1,230,5,21
5,23,1,276,5,22
5,24,1,326,5,23
5,25,1,380,5,24
5,26,1,438,5,25
5,27,1,500,5,26
5,28,1,566,5,27
5,29,1,636,5,28
5,30,1,710,5,29
5,31,1,788,5,30
5,32,1,870,5,31
5,33,1,956,5,32
5,34,1,1046,5,33
5,35,1,1140,5,34
5,36,1,1238,5,35
5,37,1,1338,5,36
5,38,1,1434,5,37
5,39,1,1526,5,38
5,40,1,1614,5,39
5,41,1,1678,5,42
5,42,1,1594,5,43
5,43,1,1505,5,44
5,44,1,1412,5,45
5,45,1,1315,5,46
5,46,1,1216,5,47
5,47,1,1119,5,48
5,48,1,1026,5,49
5,49,1,937,5,0
6,0,1,936,6,1
6,1,1,851,6,2
6,2,1,770,6,3
6,3,1,693,6,4
6,4,1,620,6,5
6,5,1,551,6,6
6,6,1,486,6,7
6,7,1,425,6,8
6,8,1,368,6,9
6,9,1,315,6,10
6,10,1,266,6,11
6,11,1,221,6,12
6,12,1,180,5,12
6,13,1,149,5,13
6,14,1,117,5,14
6,15,1,89,5,15
6,16,1,67,5,16
6,17,1,92,5,17
6,18,1,120,5,18
6,19,1,153,5,19
6,20,1,190,5,20
6,21,1,231,5,21
6,22,1,275,5,22
6,23,1,325,6,22
6,24,1,379,6,23
6,25,1,437,6,24
6,26,1,499,6,25
6,27,1,565,6,26
6,28,1,635,6,27
6,29,1,709,6,28
6,30,1,787,6,29
6,31,1,869,6,30
6,32,1,955,6,31
6,33,1,1045,6,32
6,34,1,1139,6,33
6,35,1,1237,6,34
6,36,1,1337,6,35
6,37,1,1433,6,36
6,38,1,1525,6,37
6,39,1,1613,6,38
6,40,1,1697,6,39
6,41,1,1757,6,42
6,42,1,1677,6,43
6,43,1,1593,6,44
6,44,1,1504,6,45
6,45,1,1411,6,46
6,46,1,1314,6,47
6,47,1,1215,6,48
6,48,1,1118,6,49
6,49,1,1025,6,0
7,0,1,1024,7,1
7,1,1,935,7,2
7,2,1,850,7,3
7,3,1,769,7,4
7,4,1,692,7,5
7,5,1,619,7,6
7,6,1,550,7,7
7,7,1,485,7,8
7,8,1,424,7,9
7,9,1,367,7,10
7,10,1,314,7,11
7,11,1,265,7,12
7,12,1,220,6,12
7,13,1,186,6,13
7,14,1,150,6,14
7,15,1,118,6,15
7,16,1,93,6,16
7,17,1,122,6,17
7,18,1,154,6,18
7,19,1,191,6,19
7,20,1,232,6,20
7,21,1,277,6,21
7,22,1,324,6,22
7,23,1,378,7,22
7,24,1,436,7,23
7,25,1,498,7,24
7,26,1,564,7,25
7,27,1,634,7,26
7,28,1,708,7,27
7,29,1,786,7,28
7,30,1,868,7,29
7,31,1,954,7,30
7,32,1,1044,7,31
7,33,1,1138,7,32
7,34,1,1236,7,33
7,35,1,1336,7,34
7,36,1,1432,7,35
7,37,1,1524,7,36
7,38,1,1612,7,37
7,39,1,1696,7,38
7,40,1,1776,7,39
7,41,1,1832,7,42
7,42,1,1756,7,43
7,43,1,1676,7,44
7,44,1,1592,7,45
7,45,1,1503,7,46
7,46,1,1410,7,47
7,47,1,1313,7,48
7,48,1,1214,7,49
7,49,1,1117,7,0
8,0,1,1116,8,1
8,1,1,1023,8,2
8,2,1,934,8,3
8,3,1,849,8,4
8,4,1,768,8,5
8,5,1,691,8,6
8,6,1,618,8,7
8,7,1,549,8,8
8,8,1,484,8,9
8,9,1,423,8,10
8,10,1,366,8,11
8,11,1,313,8,12
8,12,1,264,7,12
8,13,1,227,7,13
8,14,1,187,7,14
8,15,1,151,7,15
8,16,1,123,7,16
8,17,1,156,7,17
8,18,1,192,7,18
8,19,1,233,7,19
8,20,1,278,7,20
8,21,1,327,7,21
8,22,1,377,7,22
8,23,1,435,8,22
8,24,1,497,8,23
8,25,1,563,8,24
8,26,1,633,8,25
8,27,1,707,8,26
8,28,1,785,8,27
8,29,1,867,8,28
8,30,1,953,8,29
8,31,1,1043,8,30
8,32,1,1137,8,31
8,33,1,1235,8,32
8,34,1,1335,8,33
8,35,1,1431,8,34
8,36,1,1523,8,35
8,37,1,1611,8,36
8,38,1,1695,8,37
8,39,1,1775,8,38
8,40,1,1850,8,39
8,41,1,1903,8,42
8,42,1,1831,8,43
8,43,1,1755,8,44
8,44,1,1675,8,45
8,45,1,1591,8,46
8,46,1,1502,8,47
8,47,1,1409,8,48
8,48,1,1312,8,49
8,49,1,1213,8,0
9,0,1,1211,9,1
9,1,1,1114,9,2
9,2,1,1021,9,3
9,3,1,932,9,4
9,4,1,847,9,5
9,5,1,766,9,6
9,6,1,689,9,7
9,7,1,616,9,8
9,8,1,547,9,9
9,9,1,482,9,10
9,10,1,421,9,11
9,11,1,364,9,12
9,12,1,312,8,12
9,13,1,272,8,13
9,14,1,228,8,14
9,15,1,188,8,15
9,16,1,157,8,16
9,17,1,194,8,17
9,18,1,234,8,18
9,19,1,279,8,19
9,20,1,328,8,20
9,21,1,381,8,21
9,22,1,434,8,22
9,23,1,496,9,22
9,24,1,562,9,23
9,25,1,632,9,24
9,26,1,706,9,25
9,27,1,784,9,26
9,28,1,866,9,27
9,29,1,952,9,28
9,30,1,1042,9,29
9,31,1,1136,9,30
9,32,1,1234,9,31
9,33,1,1334,9,32
9,34,1,1430,9,33
9,35,1,1522,9,34
9,36,1,1610,9,35
9,37,1,1694,9,36
9,38,1,1774,9,37
9,39,1,1849,9,38
9,40,1,1920,9,39
9,41,1,1970,9,42
9,42,1,1902,9,43
9,43,1,1830,9,44
9,44,1,1754,9,45
9,45,1,1674,9,46
9,46,1,1589,9,47
9,47,1,1500,9,48
9,48,1,1407,9,49
9,49,1,1310,9,0
10,0,1,1309,10,1
10,1,1,1210,10,2
10,2,1,1113,10,3
10,3,1,1020,10,4
10,4,1,931,10,5
10,5,1,846,10,6
10,6,1,765,10,7
10,7,1,688,10,8
10,8,1,615,10,9
10,9,1,546,10,10
10,10,1,481,10,11
10,11,1,420,9,11
10,12,1,365,9,12
10,13,1,321,9,13
10,14,1,273,9,14
10,15,1,229,9,15
10,16,1,195,9,16
10,17,1,236,9,17
10,18,1,280,9,18
10,19,1,329,9,19
10,20,1,382,9,20
10,21,1,439,9,21
10,22,1,495,9,22
10,23,1,560,10,22
10,24,1,630,10,23
10,25,1,704,10,24
10,26,1,782,10,25
10,27,1,864,10,26
10,28,1,950,10,27
10,29,1,1040,10,28
10,30,1,1134,10,29
10,31,1,1232,10,30
10,32,1,1332,10,31
10,33,1,1428,10,32
10,34,1,1520,10,33
10,35,1,1608,10,34
10,36,1,1692,10,35
10,37,1,1772,10,36
10,38,1,1848,10,37
10,39,1,1919,10,38
10,40,1,1986,10,39
10,41,1,2033,10,42
10,42,1,1969,10,43
10,43,1,1901,10,44
10,44,1,1829,10,45
10,45,1,1753,10,46
10,46,1,1673,10,47
10,47,1,1588,10,48
10,48,1,1499,10,49
10,49,1,1406,10,0
11,0,1,1404,11,1
11,1,1,1307,11,2
11,2,1,1208,11,3
11,3,1,1111,11,4
11,4,1,1018,11,5
11,5,1,929,11,6
11,6,1,844,11,7
11,7,1,763,11,8
11,8,1,686,11,9
11,9,1,613,11,10
11,10,1,544,11,11
11,11,1,480,10,11
11,12,1,422,10,12
11,13,1,374,10,13
11,14,1,322,10,14
11,15,1,274,10,15
11,16,1,237,10,16
11,17,1,282,10,17
11,18,1,330,10,18
11,19,1,383,10,19
11,20,1,440,10,20
11,21,1,501,10,21
11,22,1,561,10,22
11,23,1,629,10,23
11,24,1,702,11,23
11,25,1,780,11,24
11,26,1,862,11,25
11,27,1,948,11,26
11,28,1,1038,11,27
11,29,1,1132,11,28
11,30,1,1230,11,29
11,31,1,1330,11,30
11,32,1,1426,11,31
11,33,1,1518,11,32
11,34,1,1606,11,33
11,35,1,1690,11,34
11,36,1,1770,11,35
11,37,1,1846,11,36
11,38,1,1918,11,37
11,39,1,1985,11,38
11,40,1,2048,11,39
11,41,1,2092,11,42
11,42,1,2032,11,43
11,43,1,1968,11,44
11,44,1,1900,11,45
11,45,1,1828,11,46
11,46,1,1752,11,47
11,47,1,1671,11,48
11,48,1,1586,11,49
11,49,1,1497,11,0
12,0,1,1496,12,1
12,1,1,1403,12,2
12,2,1,1306,12,3
12,3,1,1207,12,4
12,4,1,1110,12,5
12,5,1,1017,12,6
12,6,1,928,12,7
12,7,1,843,12,8
12,8,1,762,12,9
12,9,1,685,12,10
12,10,1,612,11,10
12,11,1,545,11,11
12,12,1,483,11,12
12,13,1,431,11,13
12,14,1,375,11,14
12,15,1,323,11,15
12,16,1,283,11,16
12,17,1,332,11,17
12,18,1,384,11,18
12,19,1,441,11,19
12,20,1,502,11,20
12,21,1,567,11,21
12,22,1,631,11,22
12,23,1,703,11,23
12,24,1,779,11,24
12,25,1,861,12,24
12,26,1,947,12,25
12,27,1,1037,12,26
12,28,1,1131,12,27
12,29,1,1229,12,28
12,30,1,1329,12,29
12,31,1,1425,12,30
12,32,1,1517,12,31
12,33,1,1605,12,32
12,34,1,1689,12,33
12,35,1,1769,12,34
12,36,1,1845,12,35
12,37,1,1917,12,36
12,38,1,1984,12,37
12,39,1,2047,12,38
12,40,1,2106,12,39
12,41,1,2147,12,42
12,42,1,2091,12,43
12,43,1,2031,12,44
12,44,1,1967,12,45
12,45,1,1899,12,46
12,46,1,1827,12,47
12,47,1,1751,12,48
12,48,1,1670,12,49
12,49,1,1585,12,0
13,0,1,1584,13,1
13,1,1,1495,13,2
13,2,1,1402,13,3
13,3,1,1305,13,4
13,4,1,1206,13,5
13,5,1,1109,13,6
13,6,1,1016,13,7
13,7,1,927,13,8
13,8,1,842,13,9
13,9,1,761,13,10
13,10,1,684,12,10
13,11,1,614,12,11
13,12,1,548,12,12
13,13,1,492,12,13
13,14,1,432,12,14
13,15,1,376,12,15
13,16,1,333,12,16
13,17,1,386,12,17
13,18,1,442,12,18
13,19,1,503,12,19
13,20,1,568,12,20
13,21,1,637,12,21
13,22,1,705,12,22
13,23,1,781,12,23
13,24,1,860,12,24
13,25,1,946,13,24
13,26,1,1036,13,25
13,27,1,1130,13,26
13,28,1,1228,13,27
13,29,1,1328,13,28
13,30,1,1424,13,29
13,31,1,1516,13,30
13,32,1,1604,13,31
13,33,1,1688,13,32
13,34,1,1768,13,33
13,35,1,1844,13,34
13,36,1,1916,13,35
13,37,1,1983,13,36
13,38,1,2046,13,37
13,39,1,2105,13,38
13,40,1,2160,13,39
13,41,1,2198,13,42
13,42,1,2146,13,43
13,43,1,2090,13,44
13,44,1,2030,13,45
13,45,1,1966,13,46
13,46,1,1898,13,47
13,47,1,1826,13,48
13,48,1,1750,13,49
13,49,1,1669,13,0
14,0,1,1664,14,1
14,1,1,1579,14,2
14,2,1,1490,14,3
14,3,1,1397,14,4
14,4,1,1300,14,5
14,5,1,1201,14,6
14,6,1,1104,14,7
14,7,1,1012,14,8
14,8,1,924,14,9
14,9,1,840,14,10
14,10,1,760,13,10
14,11,1,687,13,11
14,12,1,617,13,12
14,13,1,557,13,13
14,14,1,493,13,14
14,15,1,433,13,15
14,16,1,387,13,16
14,17,1,444,13,17
14,18,1,504,13,18
14,19,1,569,13,19
14,20,1,638,13,20
14,21,1,711,13,21
14,22,1,783,13,22
14,23,1,863,13,23
14,24,1,945,13,24
14,25,1,1034,14,24
14,26,1,1128,14,25
14,27,1,1226,14,26
14,28,1,1326,14,27
14,29,1,1422,14,28
14,30,1,1514,14,29
14,31,1,1602,14,30
14,32,1,1686,14,31
14,33,1,1766,14,32
14,34,1,1842,14,33
14,35,1,1914,14,34
14,36,1,1982,14,35
14,37,1,2045,14,36
14,38,1,2104,14,37
14,39,1,2159,14,38
14,40,1,2210,14,39
14,41,1,2245,14,42
14,42,1,2197,14,43
14,43,1,2145,14,44
14,44,1,2089,14,45
14,45,1,2029,14,46
14,46,1,1964,14,47
14,47,1,1895,14,48
14,48,1,1822,14,49
14,49,1,1745,14,0
15,0,1,1742,15,1
15,1,1,1661,15,2
15,2,1,1576,15,3
15,3,1,1487,15,4
15,4,1,1394,15,5
15,5,1,1298,15,6
15,6,1,1200,14,6
15,7,1,1105,14,7
15,8,1,1013,14,8
15,9,1,925,14,9
15,10,1,841,14,10
15,11,1,764,14,11
15,12,1,690,14,12
15,13,1,626,14,13
15,14,1,558,14,14
15,15,1,494,14,15
15,16,1,445,14,16
15,17,1,506,14,17
15,18,1,570,14,18
15,19,1,639,14,19
15,20,1,712,14,20
15,21,1,789,14,21
15,22,1,865,14,22
15,23,1,949,14,23
15,24,1,1035,14,24
15,25,1,1127,14,25
15,26,1,1224,15,25
15,27,1,1323,15,26
15,28,1,1418,15,27
15,29,1,1509,15,28
15,30,1,1596,15,29
15,31,1,1679,15,30
15,32,1,1758,15,31
15,33,1,1834,15,32
15,34,1,1906,15,33
15,35,1,1974,15,34
15,36,1,2038,15,35
15,37,1,2098,15,36
15,38,1,2154,15,37
15,39,1,2206,15,38
15,40,1,2254,15,39
15,41,1,2288,15,42
15,42,1,2244,15,43
15,43,1,2196,15,44
15,44,1,2144,15,45
15,45,1,2087,15,46
15,46,1,2026,15,47
15,47,1,1961,15,48
15,48,1,1892,15,49
15,49,1,1819,15,0
16,0,1,1818,16,1
16,1,1,1741,16,2
16,2,1,1660,16,3
16,3,1,1575,16,4
16,4,1,1486,15,4
16,5,1,1395,15,5
16,6,1,1299,15,6
16,7,1,1202,15,7
16,8,1,1106,15,8
16,9,1,1014,15,9
16,10,1,926,15,10
16,11,1,845,15,11
16,12,1,767,15,12
16,13,1,699,15,13
16,14,1,627,15,14
16,15,1,559,15,15
16,16,1,507,15,16
16,17,1,572,15,17
16,18,1,640,15,18
16,19,1,713,15,19
16,20,1,790,15,20
16,21,1,871,15,21
16,22,1,951,15,22
16,23,1,1039,15,23
16,24,1,1129,15,24
16,25,1,1225,15,25
16,26,1,1324,15,26
16,27,1,1419,15,27
16,28,1,1510,15,28
16,29,1,1597,15,29
16,30,1,1680,15,30
16,31,1,1759,15,31
16,32,1,1833,15,32
16,33,1,1905,16,32
16,34,1,1973,16,33
16,35,1,2037,16,34
16,36,1,2097,16,35
16,37,1,2153,16,36
16,38,1,2205,16,37
16,39,1,2253,16,38
16,40,1,2297,16,39
16,41,1,2327,16,42
16,42,1,2287,16,43
16,43,1,2243,16,44
16,44,1,2195,16,45
16,45,1,2143,16,46
16,46,1,2086,16,47
16,47,1,2025,16,48
16,48,1,1960,16,49
16,49,1,1891,16,0
17,0,1,1890,17,1
17,1,1,1817,17,2
17,2,1,1740,17,3
17,3,1,1659,17,4
17,4,1,1574,16,4
17,5,1,1488,16,5
17,6,1,1396,16,6
17,7,1,1301,16,7
17,8,1,1203,16,8
17,9,1,1107,16,9
17,10,1,1015,16,10
17,11,1,930,16,11
17,12,1,848,16,12
17,13,1,776,16,13
17,14,1,700,16,14
17,15,1,628,16,15
17,16,1,573,16,16
17,17,1,642,16,17
17,18,1,714,16,18
17,19,1,791,16,19
17,20,1,872,16,20
17,21,1,957,16,21
17,22,1,1041,16,22
17,23,1,1133,16,23
17,24,1,1227,16,24
17,25,1,1325,16,25
17,26,1,1420,16,26
17,27,1,1511,16,27
17,28,1,1598,16,28
17,29,1,1681,16,29
17,30,1,1760,16,30
17,31,1,1835,16,31
17,32,1,1904,16,32
17,33,1,1972,17,32
17,34,1,2036,17,33
17,35,1,2096,17,34
17,36,1,2152,17,35
17,37,1,2204,17,36
17,38,1,2252,17,37
17,39,1,2296,17,38
17,40,1,2336,17,39
17,41,1,2362,17,42
17,42,1,2326,17,43
17,43,1,2286,17,44
17,44,1,2242,17,45
17,45,1,2194,17,46
17,46,1,2142,17,47
17,47,1,2085,17,48
17,48,1,2024,17,49
17,49,1,1959,17,0
18,0,1,1954,18,1
18,1,1,1886,18,2
18,2,1,1814,18,3
18,3,1,1738,18,4
18,4,1,1658,17,4
18,5,1,1577,17,5
18,6,1,1489,17,6
18,7,1,1398,17,7
18,8,1,1302,17,8
18,9,1,1204,17,9
18,10,1,1108,17,10
18,11,1,1019,17,11
18,12,1,933,17,12
18,13,1,857,17,13
18,14,1,777,17,14
18,15,1,701,17,15
18,16,1,643,17,16
18,17,1,716,17,17
18,18,1,792,17,18
18,19,1,873,17,19
18,20,1,958,17,20
18,21,1,1047,17,21
18,22,1,1135,17,22
18,23,1,1231,17,23
18,24,1,1327,17,24
18,25,1,1421,17,25
18,26,1,1512,17,26
18,27,1,1599,17,27
18,28,1,1682,17,28
18,29,1,1761,17,29
18,30,1,1836,17,30
18,31,1,1907,17,31
18,32,1,1971,17,32
18,33,1,2035,18,32
18,34,1,2095,18,33
18,35,1,2151,18,34
18,36,1,2203,18,35
18,37,1,2251,18,36
18,38,1,2295,18,37
18,39,1,2335,18,38
18,40,1,2370,18,39
18,41,1,2393,18,42
18,42,1,2361,18,43
18,43,1,2325,18,44
18,44,1,2284,18,45
18,45,1,2239,18,46
18,46,1,2190,18,47
18,47,1,2137,18,48
18,48,1,2080,18,49
18,49,1,2019,18,0
19,0,1,2018,18,0
19,1,1,1955,18,1
19,2,1,1887,18,2
19,3,1,1815,18,3
19,4,1,1739,18,4
19,5,1,1662,18,5
19,6,1,1578,18,6
19,7,1,1491,18,7
19,8,1,1399,18,8
19,9,1,1303,18,9
19,10,1,1205,18,10
19,11,1,1112,18,11
19,12,1,1022,18,12
19,13,1,942,18,13
19,14,1,858,18,14
19,15,1,778,18,15
19,16,1,717,18,16
19,17,1,794,18,17
19,18,1,874,18,18
19,19,1,959,18,19
19,20,1,1048,18,20
19,21,1,1141,18,21
19,22,1,1233,18,22
19,23,1,1331,18,23
19,24,1,1423,18,24
19,25,1,1513,18,25
19,26,1,1600,18,26
19,27,1,1683,18,27
19,28,1,1762,18,28
19,29,1,1837,18,29
19,30,1,1908,18,30
19,31,1,1975,18,31
19,32,1,2034,18,32
19,33,1,2094,19,32
19,34,1,2150,19,33
19,35,1,2202,19,34
19,36,1,2250,19,35
19,37,1,2294,19,36
19,38,1,2334,19,37
19,39,1,2369,19,38
19,40,1,2400,19,39
19,41,1,2420,19,42
19,42,1,2392,19,43
19,43,1,2360,19,44
19,44,1,2323,19,45
19,45,1,2282,19,46
19,46,1,2237,19,47
19,47,1,2188,19,48
19,48,1,2135,19,49
19,49,1,2078,19,0
20,0,1,2079,19,0
20,1,1,2020,19,1
20,2,1,1956,19,2
20,3,1,1888,19,3
20,4,1,1816,19,4
20,5,1,1743,19,5
20,6,1,1663,19,6
20,7,1,1580,19,7
20,8,1,1492,19,8
20,9,1,1400,19,9
20,10,1,1304,19,10
20,11,1,1209,19,11
20,12,1,1115,19,12
20,13,1,1031,19,13
20,14,1,943,19,14
20,15,1,859,19,15
20,16,1,795,19,16
20,17,1,876,19,17
20,18,1,960,19,18
20,19,1,1049,19,19
20,20,1,1142,19,20
20,21,1,1239,19,21
20,22,1,1333,19,22
20,23,1,1427,19,23
20,24,1,1515,19,24
20,25,1,1601,19,25
20,26,1,1684,19,26
20,27,1,1763,19,27
20,28,1,1838,19,28
20,29,1,1909,19,29
20,30,1,1976,19,30
20,31,1,2039,19,31
20,32,1,2093,19,32
20,33,1,2149,20,32
20,34,1,2201,20,33
20,35,1,2249,20,34
20,36,1,2293,20,35
20,37,1,2333,20,36
20,38,1,2368,20,37
20,39,1,2399,20,38
20,40,1,2426,20,39
20,41,1,2443,20,42
20,42,1,2419,20,43
20,43,1,2391,20,44
20,44,1,2359,20,45
20,45,1,2322,20,46
20,46,1,2281,20,47
20,47,1,2236,20,48
20,48,1,2187,20,49
20,49,1,2134,19,49
21,0,1,2136,20,0
21,1,1,2081,20,1
21,2,1,2021,20,2
21,3,1,1957,20,3
21,4,1,1889,20,4
21,5,1,1820,20,5
21,6,1,1744,20,6
21,7,1,1665,20,7
21,8,1,1581,20,8
21,9,1,1493,20,9
21,10,1,1401,20,10
21,11,1,1308,20,11
21,12,1,1212,20,12
21,13,1,1124,20,13
21,14,1,1032,20,14
21,15,1,944,20,15
21,16,1,877,20,16
21,17,1,962,20,17
21,18,1,1050,20,18
21,19,1,1143,20,19
21,20,1,1240,20,20
21,21,1,1339,20,21
21,22,1,1429,20,22
21,23,1,1519,20,23
21,24,1,1603,20,24
21,25,1,1685,20,25
21,26,1,1764,20,26
21,27,1,1839,20,27
21,28,1,1910,20,28
21,29,1,1977,20,29
21,30,1,2040,20,30
21,31,1,2099,20,31
21,32,1,2148,20,32
21,33,1,2199,21,32
21,34,1,2247,21,33
21,35,1,2291,21,34
21,36,1,2331,21,35
21,37,1,2367,21,36
21,38,1,2398,21,37
21,39,1,2425,21,38
21,40,1,2448,21,39
21,41,1,2462,21,42
21,42,1,2442,21,43
21,43,1,2418,21,44
21,44,1,2390,21,45
21,45,1,2358,21,46
21,46,1,2321,21,47
21,47,1,2280,21,48
21,48,1,2235,21,49
21,49,1,2186,20,49
22,0,1,2189,21,0
22,1,1,2138,21,1
22,2,1,2082,21,2
22,3,1,2022,21,3
22,4,1,1958,21,4
22,5,1,1893,21,5
22,6,1,1821,21,6
22,7,1,1746,21,7
22,8,1,1666,21,8
22,9,1,1582,21,9
22,10,1,1494,21,10
22,11,1,1405,21,11
22,12,1,1311,21,12
22,13,1,1221,21,13
22,14,1,1125,21,14
22,15,1,1033,21,15
22,16,1,963,21,16
22,17,1,1052,21,17
22,18,1,1144,21,18
22,19,1,1241,21,19
22,20,1,1340,21,20
22,21,1,1435,21,21
22,22,1,1521,21,22
22,23,1,1607,21,23
22,24,1,1687,21,24
22,25,1,1765,21,25
22,26,1,1840,21,26
22,27,1,1911,21,27
22,28,1,1978,21,28
22,29,1,2041,21,29
22,30,1,2100,21,30
22,31,1,2155,21,31
22,32,1,2200,21,32
22,33,1,2246,21,33
22,34,1,2290,22,33
22,35,1,2330,22,34
22,36,1,2366,22,35
22,37,1,2397,22,36
22,38,1,2424,22,37
22,39,1,2447,22,38
22,40,1,2466,22,39
22,41,1,2477,22,42
22,42,1,2461,22,43
22,43,1,2441,22,44
22,44,1,2417,22,45
22,45,1,2389,22,46
22,46,1,2357,22,47
22,47,1,2320,22,48
22,48,1,2279,22,49
22,49,1,2234,21,49
23,0,1,2238,22,0
23,1,1,2191,22,1
23,2,1,2139,22,2
23,3,1,2083,22,3
23,4,1,2023,22,4
23,5,1,1962,22,5
23,6,1,1894,22,6
23,7,1,1823,22,7
23,8,1,1747,22,8
23,9,1,1667,22,9
23,10,1,1583,22,10
23,11,1,1498,22,11
23,12,1,1408,22,12
23,13,1,1320,22,13
23,14,1,1222,22,14
23,15,1,1126,22,15
23,16,1,1053,22,16
23,17,1,1146,22,17
23,18,1,1242,22,18
23,19,1,1341,22,19
23,20,1,1436,22,20
23,21,1,1527,22,21
23,22,1,1609,22,22
23,23,1,1691,22,23
23,24,1,1767,22,24
23,25,1,1841,22,25
23,26,1,1912,22,26
23,27,1,1979,22,27
23,28,1,2042,22,28
23,29,1,2101,22,29
23,30,1,2156,22,30
23,31,1,2207,22,31
23,32,1,2248,22,32
23,33,1,2289,22,33
23,34,1,2329,23,33
23,35,1,2365,23,34
23,36,1,2396,23,35
23,37,1,2423,23,36
23,38,1,2446,23,37
23,39,1,2465,23,38
23,40,1,2480,23,39
23,41,1,2488,23,42
23,42,1,2476,23,43
23,43,1,2460,23,44
23,44,1,2440,23,45
23,45,1,2416,23,46
23,46,1,2387,23,47
23,47,1,2354,23,48
23,48,1,2318,23,49
23,49,1,2278,22,49
24,0,1,2283,23,0
24,1,1,2240,23,1
24,2,1,2192,23,2
24,3,1,2140,23,3
24,4,1,2084,23,4
24,5,1,2027,23,5
24,6,1,1963,23,6
24,7,1,1896,23,7
24,8,1,1824,23,8
24,9,1,1748,23,9
24,10,1,1668,23,10
24,11,1,1587,23,11
24,12,1,1501,23,12
24,13,1,1416,23,13
24,14,1,1321,23,14
24,15,1,1223,23,15
24,16,1,1147,23,16
24,17,1,1244,23,17
24,18,1,1342,23,18
24,19,1,1437,23,19
24,20,1,1528,23,20
24,21,1,1615,23,21
24,22,1,1693,23,22
24,23,1,1771,23,23
24,24,1,1843,23,24
24,25,1,1913,23,25
24,26,1,1980,23,26
24,27,1,2043,23,27
24,28,1,2102,23,28
24,29,1,2157,23,29
24,30,1,2208,23,30
24,31,1,2255,23,31
24,32,1,2292,23,32
24,33,1,2328,23,33
24,34,1,2364,24,33
24,35,1,2395,24,34
24,36,1,2422,24,35
24,37,1,2445,24,36
24,38,1,2464,24,37
24,39,1,2479,24,38
24,40,1,2490,24,39
24,41,1,2494,24,42
24,42,1,2486,24,43
24,43,1,2474,24,44
24,44,1,2458,24,45
24,45,1,2438,24,46
24,46,1,2414,24,47
24,47,1,2386,23,47
24,48,1,2355,23,48
24,49,1,2319,23,49
25,0,1,2324,24,0
25,1,1,2285,24,1
25,2,1,2241,24,2
25,3,1,2193,24,3
25,4,1,2141,24,4
25,5,1,2088,24,5
25,6,1,2028,24,6
25,7,1,1965,24,7
25,8,1,1897,24,8
25,9,1,1825,24,9
25,10,1,1749,24,10
25,11,1,1672,24,11
25,12,1,1590,24,12
25,13,1,1508,24,13
25,14,1,1417,24,14
25,15,1,1322,24,15
25,16,1,1245,24,16
25,17,1,1344,24,17
25,18,1,1438,24,18
25,19,1,1529,24,19
25,20,1,1616,24,20
25,21,1,1698,24,21
25,22,1,1773,24,22
25,23,1,1847,24,23
25,24,1,1915,24,24
25,25,1,1981,24,25
25,26,1,2044,24,26
25,27,1,2103,24,27
25,28,1,2158,24,28
25,29,1,2209,24,29
25,30,1,2256,24,30
25,31,1,2298,24,31
25,32,1,2332,24,32
25,33,1,2363,24,33
25,34,1,2394,25,33
25,35,1,2421,25,34
25,36,1,2444,25,35
25,37,1,2463,25,36
25,38,1,2478,25,37
25,39,1,2489,25,38
25,40,1,2496,25,39
25,41,1,2498,24,41
25,42,1,2495,24,42
25,43,1,2487,24,43
25,44,1,2475,24,44
25,45,1,2459,24,45
25,46,1,2439,24,46
25,47,1,2415,24,47
25,48,1,2388,24,48
25,49,1,2356,24,49
26,0,1,2308,27,0
26,1,1,2267,27,1
26,2,1,2222,27,2
26,3,1,2173,27,3
26,4,1,2120,27,4
26,5,1,2062,27,5
26,6,1,2000,27,6
26,7,1,1936,27,7
26,8,1,1866,27,8
26,9,1,1795,27,9
26,10,1,1718,27,10
26,11,1,1637,27,11
26,12,1,1552,27,12
26,13,1,1462,27,13
26,14,1,1369,27,14
26,15,1,1273,27,15
26,16,1,1199,27,16
26,17,1,1297,27,17
26,18,1,1393,27,18
26,19,1,1485,27,19
26,20,1,1573,27,20
26,21,1,1657,27,21
26,22,1,1737,27,22
26,23,1,1813,27,23
26,24,1,1885,27,24
26,25,1,1953,27,25
26,26,1,2017,27,26
26,27,1,2077,27,27
26,28,1,2133,27,28
26,29,1,2185,27,29
26,30,1,2233,27,30
26,31,1,2277,27,31
26,32,1,2317,27,32
26,33,1,2353,27,33
26,34,1,2385,27,34
26,35,1,2413,27,35
26,36,1,2437,27,36
26,37,1,2457,27,37
26,38,1,2473,27,38
26,39,1,2485,27,39
26,40,1,2493,27,40
26,41,1,2497,27,41
26,42,1,2492,27,42
26,43,1,2483,27,43
26,44,1,2470,27,44
26,45,1,2453,27,45
26,46,1,2432,27,46
26,47,1,2407,27,47
26,48,1,2378,27,48
26,49,1,2345,27,49
27,0,1,2266,28,0
27,1,1,2221,28,1
27,2,1,2172,28,2
27,3,1,2119,28,3
27,4,1,2061,28,4
27,5,1,1999,28,5
27,6,1,1933,28,6
27,7,1,1865,28,7
27,8,1,1791,28,8
27,9,1,1716,28,9
27,10,1,1636,28,10
27,11,1,1550,28,11
27,12,1,1461,28,12
27,13,1,1367,28,13
27,14,1,1270,28,14
27,15,1,1174,28,15
27,16,1,1103,28,16
27,17,1,1197,28,17
27,18,1,1296,28,18
27,19,1,1392,28,19
27,20,1,1484,28,20
27,21,1,1572,28,21
27,22,1,1656,28,22
27,23,1,1736,28,23
27,24,1,1812,28,24
27,25,1,1884,28,25
27,26,1,1952,28,26
27,27,1,2016,28,27
27,28,1,2076,28,28
27,29,1,2132,28,29
27,30,1,2184,28,30
27,31,1,2232,28,31
27,32,1,2276,28,32
27,33,1,2316,28,33
27,34,1,2352,28,34
27,35,1,2384,28,35
27,36,1,2412,28,36
27,37,1,2436,28,37
27,38,1,2456,28,38
27,39,1,2472,28,39
27,40,1,2484,28,40
27,41,1,2491,28,41
27,42,1,2482,28,42
27,43,1,2469,28,43
27,44,1,2452,28,44
27,45,1,2431,28,45
27,46,1,2406,28,46
27,47,1,2377,28,47
27,48,1,2344,28,48
27,49,1,2307,28,49
28,0,1,2220,29,0
28,1,1,2171,29,1
28,2,1,2118,29,2
28,3,1,2060,29,3
28,4,1,1998,29,4
28,5,1,1932,29,5
28,6,1,1862,29,6
28,7,1,1790,29,7
28,8,1,1712,29,8
28,9,1,1633,29,9
28,10,1,1549,29,10
28,11,1,1459,29,11
28,12,1,1366,29,12
28,13,1,1268,29,13
28,14,1,1171,29,14
28,15,1,1079,29,15
28,16,1,1011,29,16
28,17,1,1101,29,17
28,18,1,1196,29,18
28,19,1,1295,29,19
28,20,1,1391,29,20
28,21,1,1483,29,21
28,22,1,1571,29,22
28,23,1,1655,29,23
28,24,1,1735,29,24
28,25,1,1811,29,25
28,26,1,1883,29,26
28,27,1,1951,29,27
28,28,1,2015,29,28
28,29,1,2075,29,29
28,30,1,2131,29,30
28,31,1,2183,29,31
28,32,1,2231,29,32
28,33,1,2275,29,33
28,34,1,2315,29,34
28,35,1,2351,29,35
28,36,1,2383,29,36
28,37,1,2411,29,37
28,38,1,2435,29,38
28,39,1,2455,29,39
28,40,1,2471,29,40
28,41,1,2481,29,41
28,42,1,2468,29,42
28,43,1,2451,29,43
28,44,1,2430,29,44
28,45,1,2405,29,45
28,46,1,2376,29,46
28,47,1,2343,29,47
28,48,1,2306,29,48
28,49,1,2265,29,49
29,0,1,2170,30,0
29,1,1,2117,30,1
29,2,1,2059,30,2
29,3,1,1997,30,3
29,4,1,1931,30,4
29,5,1,1861,30,5
29,6,1,1787,30,6
29,7,1,1711,30,7
29,8,1,1629,30,8
29,9,1,1546,30,9
29,10,1,1458,30,10
29,11,1,1364,30,11
29,12,1,1267,30,12
29,13,1,1169,30,13
29,14,1,1076,30,14
29,15,1,988,30,15
29,16,1,923,30,16
29,17,1,1009,30,17
29,18,1,1100,30,18
29,19,1,1195,30,19
29,20,1,1294,30,20
29,21,1,1390,30,21
29,22,1,1482,30,22
29,23,1,1570,30,23
29,24,1,1654,30,24
29,25,1,1734,30,25
29,26,1,1810,30,26
29,27,1,1882,30,27
29,28,1,1950,30,28
29,29,1,2014,30,29
29,30,1,2074,30,30
29,31,1,2130,30,31
29,32,1,2182,30,32
29,33,1,2230,30,33
29,34,1,2274,30,34
29,35,1,2314,30,35
29,36,1,2350,30,36
29,37,1,2382,30,37
29,38,1,2410,30,38
29,39,1,2434,30,39
29,40,1,2454,30,40
29,41,1,2467,30,41
29,42,1,2450,30,42
29,43,1,2429,30,43
29,44,1,2404,30,44
29,45,1,2375,30,45
29,46,1,2342,30,46
29,47,1,2305,30,47
29,48,1,2264,30,48
29,49,1,2218,30,49
30,0,1,2116,31,0
30,1,1,2058,31,1
30,2,1,1996,31,2
30,3,1,1930,31,3
30,4,1,1860,31,4
30,5,1,1786,31,5
30,6,1,1708,31,6
30,7,1,1628,31,7
30,8,1,1542,31,8
30,9,1,1455,31,9
30,10,1,1363,31,10
30,11,1,1265,31,11
30,12,1,1168,31,12
30,13,1,1074,31,13
30,14,1,985,31,14
30,15,1,901,31,15
30,16,1,839,31,16
30,17,1,921,31,17
30,18,1,1008,31,18
30,19,1,1099,31,19
30,20,1,1194,31,20
30,21,1,1293,31,21
30,22,1,1388,31,22
30,23,1,1481,31,23
30,24,1,1569,31,24
30,25,1,1653,31,25
30,26,1,1733,31,26
30,27,1,1808,31,27
30,28,1,1881,31,28
30,29,1,1949,31,29
30,30,1,2013,31,30
30,31,1,2073,31,31
30,32,1,2129,31,32
30,33,1,2181,31,33
30,34,1,2229,31,34
30,35,1,2273,31,35
30,36,1,2313,31,36
30,37,1,2349,31,37
30,38,1,2381,31,38
30,39,1,2409,31,39
30,40,1,2433,31,40
30,41,1,2449,31,41
30,42,1,2428,31,42
30,43,1,2403,31,43
30,44,1,2374,31,44
30,45,1,2341,31,45
30,46,1,2304,31,46
30,47,1,2263,31,47
30,48,1,2217,31,48
30,49,1,2167,31,49
31,0,1,2057,32,0
31,1,1,1995,32,1
31,2,1,1929,32,2
31,3,1,1859,32,3
31,4,1,1785,32,4
31,5,1,1707,32,5
31,6,1,1625,32,6
31,7,1,1541,32,7
31,8,1,1451,32,8
31,9,1,1360,32,9
31,10,1,1264,32,10
31,11,1,1166,32,11
31,12,1,1073,32,12
31,13,1,983,32,13
31,14,1,898,32,14
31,15,1,818,32,15
31,16,1,759,32,16
31,17,1,837,32,17
31,18,1,920,32,18
31,19,1,1007,32,19
31,20,1,1098,32,20
31,21,1,1193,32,21
31,22,1,1290,32,22
31,23,1,1387,32,23
31,24,1,1480,32,24
31,25,1,1568,32,25
31,26,1,1652,32,26
31,27,1,1730,32,27
31,28,1,1807,32,28
31,29,1,1880,32,29
31,30,1,1948,32,30
31,31,1,2012,32,31
31,32,1,2072,32,32
31,33,1,2128,32,33
31,34,1,2180,32,34
31,35,1,2228,32,35
31,36,1,2272,32,36
31,37,1,2312,32,37
31,38,1,2348,32,38
31,39,1,2380,32,39
31,40,1,2408,32,40
31,41,1,2427,32,41
31,42,1,2402,32,42
31,43,1,2373,32,43
31,44,1,2340,32,44
31,45,1,2303,32,45
31,46,1,2262,32,46
31,47,1,2216,32,47
31,48,1,2166,32,48
31,49,1,2112,32,49
32,0,1,1994,33,0
32,1,1,1928,33,1
32,2,1,1858,33,2
32,3,1,1784,33,3
32,4,1,1706,33,4
32,5,1,1624,33,5
32,6,1,1538,33,6
32,7,1,1450,33,7
32,8,1,1356,33,8
32,9,1,1261,33,9
32,10,1,1165,33,10
32,11,1,1071,33,11
32,12,1,982,33,12
32,13,1,896,33,13
32,14,1,815,33,14
32,15,1,739,33,15
32,16,1,683,33,16
32,17,1,757,33,17
32,18,1,836,33,18
32,19,1,919,33,19
32,20,1,1006,33,20
32,21,1,1097,33,21
32,22,1,1190,33,22
32,23,1,1289,33,23
32,24,1,1386,33,24
32,25,1,1479,33,25
32,26,1,1567,33,26
32,27,1,1648,33,27
32,28,1,1729,33,28
32,29,1,1806,33,29
32,30,1,1879,33,30
32,31,1,1947,33,31
32,32,1,2011,33,32
32,33,1,2071,33,33
32,34,1,2127,33,34
32,35,1,2179,33,35
32,36,1,2227,33,36
32,37,1,2271,33,37
32,38,1,2311,33,38
32,39,1,2347,33,39
32,40,1,2379,33,40
32,41,1,2401,33,41
32,42,1,2372,33,42
32,43,1,2339,33,43
32,44,1,2302,33,44
32,45,1,2261,33,45
32,46,1,2215,33,46
32,47,1,2165,33,47
32,48,1,2111,33,48
32,49,1,2053,33,49
33,0,1,1927,34,0
33,1,1,1857,34,1
33,2,1,1783,34,2
33,3,1,1705,34,3
33,4,1,1623,34,4
33,5,1,1537,34,5
33,6,1,1447,34,6
33,7,1,1355,34,7
33,8,1,1257,34,8
33,9,1,1162,34,9
33,10,1,1070,34,10
33,11,1,980,34,11
33,12,1,895,34,12
33,13,1,813,34,13
33,14,1,736,34,14
33,15,1,664,34,15
33,16,1,611,34,16
33,17,1,681,34,17
33,18,1,756,34,18
33,19,1,835,34,19
33,20,1,918,34,20
33,21,1,1005,34,21
33,22,1,1094,34,22
33,23,1,1189,34,23
33,24,1,1288,34,24
33,25,1,1385,34,25
33,26,1,1477,34,26
33,27,1,1562,34,27
33,28,1,1647,34,28
33,29,1,1728,34,29
33,30,1,1805,34,30
33,31,1,1878,34,31
33,32,1,1946,34,32
33,33,1,2010,34,33
33,34,1,2070,34,34
33,35,1,2126,34,35
33,36,1,2178,34,36
33,37,1,2226,34,37
33,38,1,2270,34,38
33,39,1,2310,34,39
33,40,1,2346,34,40
33,41,1,2371,34,41
33,42,1,2338,34,42
33,43,1,2301,34,43
33,44,1,2259,34,44
33,45,1,2214,34,45
33,46,1,2164,34,46
33,47,1,2110,34,47
33,48,1,2052,34,48
33,49,1,1990,34,49
34,0,1,1856,35,0
34,1,1,1782,35,1
34,2,1,1704,35,2
34,3,1,1622,35,3
34,4,1,1536,35,4
34,5,1,1446,35,5
34,6,1,1352,35,6
34,7,1,1256,35,7
34,8,1,1158,35,8
34,9,1,1067,35,9
34,10,1,979,35,10
34,11,1,893,35,11
34,12,1,812,35,12
34,13,1,734,35,13
34,14,1,661,35,14
34,15,1,593,35,15
34,16,1,543,35,16
34,17,1,609,35,17
34,18,1,680,35,18
34,19,1,755,35,19
34,20,1,834,35,20
34,21,1,917,35,21
34,22,1,1002,35,22
34,23,1,1093,35,23
34,24,1,1188,35,24
34,25,1,1287,35,25
34,26,1,1383,35,26
34,27,1,1472,35,27
34,28,1,1561,35,28
34,29,1,1646,35,29
34,30,1,1727,35,30
34,31,1,1804,35,31
34,32,1,1877,35,32
34,33,1,1945,35,33
34,34,1,2009,35,34
34,35,1,2069,35,35
34,36,1,2125,35,36
34,37,1,2177,35,37
34,38,1,2225,35,38
34,39,1,2269,35,39
34,40,1,2309,35,40
34,41,1,2337,35,41
34,42,1,2300,35,42
34,43,1,2258,35,43
34,44,1,2212,35,44
34,45,1,2163,35,45
34,46,1,2109,35,46
34,47,1,2051,35,47
34,48,1,1989,35,48
34,49,1,1923,35,49
35,0,1,1781,36,0
35,1,1,1703,36,1
35,2,1,1621,36,2
35,3,1,1535,36,3
35,4,1,1445,36,4
35,5,1,1351,36,5
35,6,1,1253,36,6
35,7,1,1157,36,7
35,8,1,1063,36,8
35,9,1,976,36,9
35,10,1,892,36,10
35,11,1,810,36,11
35,12,1,733,36,12
35,13,1,659,36,13
35,14,1,590,36,14
35,15,1,526,36,15
35,16,1,479,36,16
35,17,1,541,36,17
35,18,1,608,36,18
35,19,1,679,36,19
35,20,1,754,36,20
35,21,1,833,36,21
35,22,1,914,36,22
35,23,1,1001,36,23
35,24,1,1092,36,24
35,25,1,1187,36,25
35,26,1,1285,36,26
35,27,1,1378,36,27
35,28,1,1471,36,28
35,29,1,1560,36,29
35,30,1,1645,36,30
35,31,1,1726,36,31
35,32,1,1803,36,32
35,33,1,1875,36,33
35,34,1,1944,36,34
35,35,1,2008,36,35
35,36,1,2068,36,36
35,37,1,2124,36,37
35,38,1,2176,36,38
35,39,1,2224,36,39
35,40,1,2268,36,40
35,41,1,2299,35,42
35,42,1,2257,35,43
35,43,1,2211,35,44
35,44,1,2161,36,44
35,45,1,2108,36,45
35,46,1,2050,36,46
35,47,1,1988,36,47
35,48,1,1922,36,48
35,49,1,1852,36,49
36,0,1,1702,37,0
36,1,1,1620,37,1
36,2,1,1534,37,2
36,3,1,1444,37,3
36,4,1,1350,37,4
36,5,1,1252,37,5
36,6,1,1154,37,6
36,7,1,1062,37,7
36,8,1,972,37,8
36,9,1,889,37,9
36,10,1,809,37,10
36,11,1,731,37,11
36,12,1,658,37,12
36,13,1,588,37,13
36,14,1,523,37,14
36,15,1,463,37,15
36,16,1,419,37,16
36,17,1,477,37,17
36,18,1,540,37,18
36,19,1,607,37,19
36,20,1,678,37,20
36,21,1,753,37,21
36,22,1,830,37,22
36,23,1,913,37,23
36,24,1,1000,37,24
36,25,1,1091,37,25
36,26,1,1185,37,26
36,27,1,1280,37,27
36,28,1,1377,37,28
36,29,1,1470,37,29
36,30,1,1559,37,30
36,31,1,1644,37,31
36,32,1,1725,37,32
36,33,1,1801,37,33
36,34,1,1874,37,34
36,35,1,1943,37,35
36,36,1,2007,37,36
36,37,1,2067,37,37
36,38,1,2123,37,38
36,39,1,2175,37,39
36,40,1,2223,37,40
36,41,1,2260,36,42
36,42,1,2213,36,43
36,43,1,2162,36,44
36,44,1,2107,36,45
36,45,1,2049,36,46
36,46,1,1987,36,47
36,47,1,1921,36,48
36,48,1,1851,36,49
36,49,1,1777,37,49
37,0,1,1619,38,0
37,1,1,1533,38,1
37,2,1,1443,38,2
37,3,1,1349,38,3
37,4,1,1251,38,4
37,5,1,1153,38,5
37,6,1,1059,38,6
37,7,1,971,38,7
37,8,1,885,38,8
37,9,1,806,38,9
37,10,1,730,38,10
37,11,1,656,38,11
37,12,1,587,38,12
37,13,1,521,38,13
37,14,1,460,38,14
37,15,1,404,38,15
37,16,1,363,38,16
37,17,1,417,38,17
37,18,1,476,38,18
37,19,1,539,38,19
37,20,1,606,38,20
37,21,1,677,38,21
37,22,1,750,38,22
37,23,1,829,38,23
37,24,1,912,38,24
37,25,1,999,38,25
37,26,1,1089,38,26
37,27,1,1180,38,27
37,28,1,1279,38,28
37,29,1,1376,38,29
37,30,1,1469,38,30
37,31,1,1558,38,31
37,32,1,1643,38,32
37,33,1,1723,38,33
37,34,1,1800,38,34
37,35,1,1873,38,35
37,36,1,1942,38,36
37,37,1,2006,38,37
37,38,1,2066,38,38
37,39,1,2122,38,39
37,40,1,2174,38,40
37,41,1,2219,37,42
37,42,1,2168,37,43
37,43,1,2113,37,44
37,44,1,2054,37,45
37,45,1,1991,37,46
37,46,1,1924,37,47
37,47,1,1853,37,48
37,48,1,1778,37,49
37,49,1,1699,38,49
38,0,1,1532,39,0
38,1,1,1442,39,1
38,2,1,1348,39,2
38,3,1,1250,39,3
38,4,1,1152,39,4
38,5,1,1058,39,5
38,6,1,968,39,6
38,7,1,884,39,7
38,8,1,802,39,8
38,9,1,727,39,9
38,10,1,655,39,10
38,11,1,585,39,11
38,12,1,520,39,12
38,13,1,458,39,13
38,14,1,401,39,14
38,15,1,349,39,15
38,16,1,311,39,16
38,17,1,361,39,17
38,18,1,416,39,18
38,19,1,475,39,19
38,20,1,538,39,20
38,21,1,605,39,21
38,22,1,674,39,22
38,23,1,749,39,23
38,24,1,828,39,24
38,25,1,911,39,25
38,26,1,997,39,26
38,27,1,1084,39,27
38,28,1,1179,39,28
38,29,1,1278,39,29
38,30,1,1375,39,30
38,31,1,1468,39,31
38,32,1,1557,39,32
38,33,1,1641,39,33
38,34,1,1722,39,34
38,35,1,1799,39,35
38,36,1,1872,39,36
38,37,1,1941,39,37
38,38,1,2005,39,38
38,39,1,2065,39,39
38,40,1,2121,39,40
38,41,1,2169,38,42
38,42,1,2114,38,43
38,43,1,2055,38,44
38,44,1,1992,38,45
38,45,1,1925,38,46
38,46,1,1854,38,47
38,47,1,1779,38,48
38,48,1,1700,38,49
38,49,1,1617,39,49
39,0,1,1441,39,1
39,1,1,1347,39,2
39,2,1,1249,39,3
39,3,1,1151,39,4
39,4,1,1057,39,5
39,5,1,967,39,6
39,6,1,881,40,6
39,7,1,801,40,7
39,8,1,723,40,8
39,9,1,652,40,9
39,10,1,584,40,10
39,11,1,518,40,11
39,12,1,457,40,12
39,13,1,399,40,13
39,14,1,346,40,14
39,15,1,298,40,15
39,16,1,263,40,16
39,17,1,309,40,17
39,18,1,360,40,18
39,19,1,415,40,19
39,20,1,474,40,20
39,21,1,537,40,21
39,22,1,602,40,22
39,23,1,673,40,23
39,24,1,748,40,24
39,25,1,827,40,25
39,26,1,909,40,26
39,27,1,992,40,27
39,28,1,1083,40,28
39,29,1,1178,40,29
39,30,1,1277,40,30
39,31,1,1374,40,31
39,32,1,1467,40,32
39,33,1,1555,40,33
39,34,1,1640,40,34
39,35,1,1721,40,35
39,36,1,1798,40,36
39,37,1,1871,40,37
39,38,1,1940,40,38
39,39,1,2003,40,39
39,40,1,2064,39,39
39,41,1,2115,39,42
39,42,1,2056,39,43
39,43,1,1993,39,44
39,44,1,1926,39,45
39,45,1,1855,39,46
39,46,1,1780,39,47
39,47,1,1701,39,48
39,48,1,1618,39,49
39,49,1,1531,39,0
40,0,1,1353,40,1
40,1,1,1254,40,2
40,2,1,1155,40,3
40,3,1,1060,40,4
40,4,1,969,40,5
40,5,1,882,40,6
40,6,1,799,41,6
40,7,1,722,41,7
40,8,1,648,41,8
40,9,1,581,41,9
40,10,1,517,41,10
40,11,1,455,41,11
40,12,1,398,41,12
40,13,1,344,41,13
40,14,1,295,41,14
40,15,1,251,41,15
40,16,1,219,41,16
40,17,1,261,41,17
40,18,1,308,41,18
40,19,1,359,41,19
40,20,1,414,41,20
40,21,1,473,41,21
40,22,1,534,41,22
40,23,1,601,41,23
40,24,1,672,41,24
40,25,1,747,41,25
40,26,1,825,41,26
40,27,1,904,41,27
40,28,1,991,41,28
40,29,1,1082,41,29
40,30,1,1177,41,30
40,31,1,1276,41,31
40,32,1,1373,41,32
40,33,1,1465,41,33
40,34,1,1554,41,34
40,35,1,1639,41,35
40,36,1,1720,41,36
40,37,1,1797,41,37
40,38,1,1870,41,38
40,39,1,1938,41,39
40,40,1,2004,40,39
40,41,1,2063,40,42
40,42,1,2001,40,43
40,43,1,1934,40,44
40,44,1,1863,40,45
40,45,1,1788,40,46
40,46,1,1709,40,47
40,47,1,1626,40,48
40,48,1,1539,40,49
40,49,1,1448,40,0
41,0,1,1255,41,1
41,1,1,1156,41,2
41,2,1,1061,41,3
41,3,1,970,41,4
41,4,1,883,41,5
41,5,1,800,41,6
41,6,1,721,41,7
41,7,1,647,41,8
41,8,1,577,42,8
41,9,1,514,42,9
41,10,1,454,42,10
41,11,1,396,42,11
41,12,1,343,42,12
41,13,1,293,42,13
41,14,1,248,42,14
41,15,1,208,42,15
41,16,1,179,42,16
41,17,1,217,42,17
41,18,1,260,42,18
41,19,1,307,42,19
41,20,1,358,42,20
41,21,1,413,42,21
41,22,1,470,42,22
41,23,1,533,42,23
41,24,1,600,42,24
41,25,1,671,42,25
41,26,1,745,42,26
41,27,1,820,42,27
41,28,1,903,42,28
41,29,1,990,42,29
41,30,1,1081,42,30
41,31,1,1176,42,31
41,32,1,1275,42,32
41,33,1,1371,42,33
41,34,1,1464,41,33
41,35,1,1553,41,34
41,36,1,1638,41,35
41,37,1,1719,41,36
41,38,1,1796,41,37
41,39,1,1869,41,38
41,40,1,1939,41,39
41,41,1,2002,41,42
41,42,1,1935,41,43
41,43,1,1864,41,44
41,44,1,1789,41,45
41,45,1,1710,41,46
41,46,1,1627,41,47
41,47,1,1540,41,48
41,48,1,1449,41,49
41,49,1,1354,41,0
42,0,1,1159,42,1
42,1,1,1064,42,2
42,2,1,973,42,3
42,3,1,886,42,4
42,4,1,803,42,5
42,5,1,724,42,6
42,6,1,649,42,7
42,7,1,578,42,8
42,8,1,511,43,8
42,9,1,451,43,9
42,10,1,395,43,10
42,11,1,341,43,11
42,12,1,292,43,12
42,13,1,246,43,13
42,14,1,205,43,14
42,15,1,169,43,15
42,16,1,143,43,16
42,17,1,177,43,17
42,18,1,216,43,18
42,19,1,259,43,19
42,20,1,306,43,20
42,21,1,357,43,21
42,22,1,410,43,22
42,23,1,469,43,23
42,24,1,532,43,24
42,25,1,599,43,25
42,26,1,669,43,26
42,27,1,740,43,27
42,28,1,819,42,27
42,29,1,902,42,28
42,30,1,989,42,29
42,31,1,1080,42,30
42,32,1,1175,42,31
42,33,1,1274,42,32
42,34,1,1372,42,33
42,35,1,1466,42,34
42,36,1,1556,42,35
42,37,1,1642,42,36
42,38,1,1724,42,37
42,39,1,1802,42,38
42,40,1,1876,42,39
42,41,1,1937,42,42
42,42,1,1867,42,43
42,43,1,1792,42,44
42,44,1,1713,42,45
42,45,1,1630,42,46
42,46,1,1543,42,47
42,47,1,1452,42,48
42,48,1,1357,42,49
42,49,1,1258,42,0
43,0,1,1065,43,1
43,1,1,974,43,2
43,2,1,887,43,3
43,3,1,804,43,4
43,4,1,725,43,5
43,5,1,650,43,6
43,6,1,579,43,7
43,7,1,512,43,8
43,8,1,449,44,8
43,9,1,392,44,9
43,10,1,340,44,10
43,11,1,290,44,11
43,12,1,245,44,12
43,13,1,203,44,13
43,14,1,166,44,14
43,15,1,134,44,15
43,16,1,111,44,16
43,17,1,141,44,17
43,18,1,176,44,18
43,19,1,215,44,19
43,20,1,258,44,20
43,21,1,305,44,21
43,22,1,354,44,22
43,23,1,409,44,23
43,24,1,468,44,24
43,25,1,531,44,25
43,26,1,597,44,26
43,27,1,665,44,27
43,28,1,741,43,27
43,29,1,821,43,28
43,30,1,905,43,29
43,31,1,993,43,30
43,32,1,1085,43,31
43,33,1,1181,43,32
43,34,1,1281,43,33
43,35,1,1379,43,34
43,36,1,1473,43,35
43,37,1,1563,43,36
43,38,1,1649,43,37
43,39,1,1731,43,38
43,40,1,1809,43,39
43,41,1,1868,43,42
43,42,1,1793,43,43
43,43,1,1714,43,44
43,44,1,1631,43,45
43,45,1,1544,43,46
43,46,1,1453,43,47
43,47,1,1358,43,48
43,48,1,1259,43,49
43,49,1,1160,43,0
44,0,1,975,44,1
44,1,1,888,44,2
44,2,1,805,44,3
44,3,1,726,44,4
44,4,1,651,44,5
44,5,1,580,44,6
44,6,1,513,44,7
44,7,1,450,44,8
44,8,1,391,44,9
44,9,1,337,45,9
44,10,1,289,45,10
44,11,1,243,45,11
44,12,1,202,45,12
44,13,1,164,45,13
44,14,1,131,45,14
44,15,1,103,45,15
44,16,1,83,45,16
44,17,1,109,45,17
44,18,1,140,45,18
44,19,1,175,45,19
44,20,1,214,45,20
44,21,1,257,45,21
44,22,1,302,45,22
44,23,1,353,45,23
44,24,1,408,45,24
44,25,1,467,45,25
44,26,1,529,45,26
44,27,1,594,45,27
44,28,1,666,44,27
44,29,1,742,44,28
44,30,1,822,44,29
44,31,1,906,44,30
44,32,1,994,44,31
44,33,1,1086,44,32
44,34,1,1182,44,33
44,35,1,1282,44,34
44,36,1,1380,44,35
44,37,1,1474,44,36
44,38,1,1564,44,37
44,39,1,1650,44,38
44,40,1,1732,44,39
44,41,1,1794,44,42
44,42,1,1715,44,43
44,43,1,1632,44,44
44,44,1,1545,44,45
44,45,1,1454,44,46
44,46,1,1359,44,47
44,47,1,1260,44,48
44,48,1,1161,44,49
44,49,1,1066,44,0
45,0,1,890,45,1
45,1,1,807,45,2
45,2,1,728,45,3
45,3,1,653,45,4
45,4,1,582,45,5
45,5,1,515,45,6
45,6,1,452,45,7
45,7,1,393,45,8
45,8,1,338,45,9
45,9,1,287,46,9
45,10,1,242,46,10
45,11,1,200,46,11
45,12,1,163,46,12
45,13,1,129,46,13
45,14,1,100,46,14
45,15,1,76,46,15
45,16,1,59,46,16
45,17,1,81,46,17
45,18,1,108,46,18
45,19,1,139,46,19
45,20,1,174,46,20
45,21,1,213,46,21
45,22,1,254,46,22
45,23,1,301,46,23
45,24,1,352,46,24
45,25,1,407,46,25
45,26,1,465,46,26
45,27,1,527,46,27
45,28,1,595,45,27
45,29,1,667,45,28
45,30,1,743,45,29
45,31,1,823,45,30
45,32,1,907,45,31
45,33,1,995,45,32
45,34,1,1087,45,33
45,35,1,1183,45,34
45,36,1,1283,45,35
45,37,1,1381,45,36
45,38,1,1475,45,37
45,39,1,1565,45,38
45,40,1,1651,45,39
45,41,1,1717,45,42
45,42,1,1634,45,43
45,43,1,1547,45,44
45,44,1,1456,45,45
45,45,1,1361,45,46
45,46,1,1262,45,47
45,47,1,1163,45,48
45,48,1,1068,45,49
45,49,1,977,45,0
46,0,1,808,46,1
46,1,1,729,46,2
46,2,1,654,46,3
46,3,1,583,46,4
46,4,1,516,46,5
46,5,1,453,46,6
46,6,1,394,46,7
46,7,1,339,46,8
46,8,1,288,46,9
46,9,1,241,46,10
46,10,1,199,46,11
46,11,1,161,47,11
46,12,1,128,47,12
46,13,1,98,47,13
46,14,1,73,47,14
46,15,1,53,47,15
46,16,1,39,47,16
46,17,1,57,47,17
46,18,1,80,47,18
46,19,1,107,47,19
46,20,1,138,47,20
46,21,1,173,47,21
46,22,1,210,47,22
46,23,1,253,47,23
46,24,1,300,47,24
46,25,1,351,47,25
46,26,1,405,47,26
46,27,1,464,46,26
46,28,1,528,46,27
46,29,1,596,46,28
46,30,1,668,46,29
46,31,1,744,46,30
46,32,1,824,46,31
46,33,1,908,46,32
46,34,1,996,46,33
46,35,1,1088,46,34
46,36,1,1184,46,35
46,37,1,1284,46,36
46,38,1,1382,46,37
46,39,1,1476,46,38
46,40,1,1566,46,39
46,41,1,1635,46,42
46,42,1,1548,46,43
46,43,1,1457,46,44
46,44,1,1362,46,45
46,45,1,1263,46,46
46,46,1,1164,46,47
46,47,1,1069,46,48
46,48,1,978,46,49
46,49,1,891,46,0
47,0,1,732,47,1
47,1,1,657,47,2
47,2,1,586,47,3
47,3,1,519,47,4
47,4,1,456,47,5
47,5,1,397,47,6
47,6,1,342,47,7
47,7,1,291,47,8
47,8,1,244,47,9
47,9,1,201,47,10
47,10,1,162,47,11
47,11,1,127,47,12
47,12,1,97,47,13
47,13,1,71,48,13
47,14,1,50,48,14
47,15,1,34,48,15
47,16,1,23,48,16
47,17,1,37,48,17
47,18,1,56,48,18
47,19,1,79,48,19
47,20,1,106,48,20
47,21,1,137,48,21
47,22,1,170,48,22
47,23,1,209,47,22
47,24,1,252,47,23
47,25,1,299,47,24
47,26,1,350,47,25
47,27,1,406,47,26
47,28,1,466,47,27
47,29,1,530,47,28
47,30,1,598,47,29
47,31,1,670,47,30
47,32,1,746,47,31
47,33,1,826,47,32
47,34,1,910,47,33
47,35,1,998,47,34
47,36,1,1090,47,35
47,37,1,1186,47,36
47,38,1,1286,47,37
47,39,1,1384,47,38
47,40,1,1478,47,39
47,41,1,1551,47,42
47,42,1,1460,47,43
47,43,1,1365,47,44
47,44,1,1266,47,45
47,45,1,1167,47,46
47,46,1,1072,47,47
47,47,1,981,47,48
47,48,1,894,47,49
47,49,1,811,47,0
48,0,1,660,48,1
48,1,1,589,48,2
48,2,1,522,48,3
48,3,1,459,48,4
48,4,1,400,48,5
48,5,1,345,48,6
48,6,1,294,48,7
48,7,1,247,48,8
48,8,1,204,48,9
48,9,1,165,48,10
48,10,1,130,48,11
48,11,1,99,48,12
48,12,1,72,48,13
48,13,1,49,48,14
48,14,1,31,49,14
48,15,1,19,49,15
48,16,1,11,49,16
48,17,1,21,49,17
48,18,1,36,49,18
48,19,1,55,49,19
48,20,1,78,49,20
48,21,1,105,49,21
48,22,1,135,49,22
48,23,1,171,48,22
48,24,1,211,48,23
48,25,1,255,48,24
48,26,1,303,48,25
48,27,1,355,48,26
48,28,1,411,48,27
48,29,1,471,48,28
48,30,1,535,48,29
48,31,1,603,48,30
48,32,1,675,48,31
48,33,1,751,48,32
48,34,1,831,48,33
48,35,1,915,48,34
48,36,1,1003,48,35
48,37,1,1095,48,36
48,38,1,1191,48,37
48,39,1,1291,48,38
48,40,1,1389,48,39
48,41,1,1463,48,42
48,42,1,1368,48,43
48,43,1,1269,48,44
48,44,1,1170,48,45
48,45,1,1075,48,46
48,46,1,984,48,47
48,47,1,897,48,48
48,48,1,814,48,49
48,49,1,735,48,0
49,0,1,591,49,1
49,1,1,524,49,2
49,2,1,461,49,3
49,3,1,402,49,4
49,4,1,347,49,5
49,5,1,296,49,6
49,6,1,249,49,7
49,7,1,206,49,8
49,8,1,167,49,9
49,9,1,132,49,10
49,10,1,101,49,11
49,11,1,74,49,12
49,12,1,51,49,13
49,13,1,32,49,14
49,14,1,17,0,14
49,15,1,8,0,15
49,16,1,3,0,16
49,17,1,9,0,17
49,18,1,20,49,17
49,19,1,35,49,18
49,20,1,54,49,19
49,21,1,77,49,20
49,22,1,104,49,21
49,23,1,136,49,22
49,24,1,172,49,23
49,25,1,212,49,24
49,26,1,256,49,25
49,27,1,304,49,26
49,28,1,356,49,27
49,29,1,412,49,28
49,30,1,472,49,29
49,31,1,536,49,30
49,32,1,604,49,31
49,33,1,676,49,32
49,34,1,752,49,33
49,35,1,832,49,34
49,36,1,916,49,35
49,37,1,1004,49,36
49,38,1,1096,49,37
49,39,1,1192,49,38
49,40,1,1292,49,39
49,41,1,1370,49,42
49,42,1,1271,49,43
49,43,1,1172,49,44
49,44,1,1077,49,45
49,45,1,986,49,46
49,46,1,899,49,47
49,47,1,816,49,48
49,48,1,737,49,49
49,49,1,662,49,0
